Company Name,Internship Position,Location,Stipend,Duration,Link,,
Vallum Capital Advisors Private Limited,Financial Data,Mumbai," 10,000 /month",4 Months,https://internshala.com//internship/details/financial-data-internship-in-mumbai-at-vallum-capital-advisors-private-limited1727943545,,
Happy To Help,Research Analyst,Work from home," 5,000 /month",6 Months,https://internshala.com//internship/detail/work-from-home-part-time-research-analyst-internship-at-happy-to-help1728032598,,
Tistasoft,Data Analytics,"Kolkata, Barasat"," 3,000 /month",6 Months,https://internshala.com//internship/detail/data-analytics-internship-in-multiple-locations-at-anarul-haque1727983537,,
Child Cancer Trust,Social Entrepreneurship,Work from home," 600-4,500 lump sum",2 Weeks,https://internshala.com//internship/detail/work-from-home-part-time-social-entrepreneurship-internship-at-child-cancer-trust1727929048,,
ADM EDUCATION & WELFARE SOCIETY,Data Analytics,"Gurgaon, Pune",Unpaid,3 Months,https://internshala.com//internship/detail/part-time-data-analytics-internship-in-multiple-locations-at-adm-education-welfare-society1727889824,,
UnifyXperts,Business Analysis - ERP,Mumbai," 15,000 /month",3 Months,https://internshala.com//internship/details/business-analysis-erp-internship-in-mumbai-at-unifyxperts1727855643,,
Pianalytix Edutech Private Limted,Microsoft Power BI Analysis,Work from home," 15,000 /month",6 Months,https://internshala.com//internship/details/work-from-home-microsoft-power-bi-analysis-internship-at-pianalytix-edutech-private-limted1727851093,,
V K ASHAR and Company,Investment Analyst,Mumbai," 3,500-10,000 /month",3 Months,https://internshala.com//internship/details/investment-analyst-internship-in-mumbai-at-v-k-ashar-and-company1727787066,,
Midas Trading House Private Limited,Data Analytics,Akola," 10,000 /month +  Incentives",6 Months,https://internshala.com//internship/details/data-analytics-internship-in-akola-at-midas-trading-house-private-limited1727695302,,
Kerryton Enterprises Private Limited,Business Analytics,Gwalior," 3,000-20,000 /month",2 Months,https://internshala.com//internship/details/part-time-business-analytics-internship-in-gwalior-at-kerryton-enterprises-private-limited1727694109,,
Factacy.Ai,Research Analyst,Gurgaon," 15,000 /month",3 Months,https://internshala.com//internship/details/research-analyst-internship-in-gurgaon-at-factacyai1727682551,,
INI8 Labs Private Limited,Power BI,Bangalore," 15,000 /month",3 Months,https://internshala.com//internship/details/power-bi-internship-in-bangalore-at-ini8-labs-private-limited1727678639,,
B2B Drive,Data Analytics,Work from home," 10,000 /month",2 Months,https://internshala.com//internship/details/work-from-home-part-time-data-analytics-internship-at-b2b-drive1727672868,,
Vitrina AI,Financial Analytics,Work from home," 10,000 /month",3 Months,https://internshala.com//internship/details/work-from-home-financial-analytics-internship-at-vitrina-ai1727672668,,
TheRightDoctors,Business Analytics,Work from home," 5,000-10,000 /month",6 Months,https://internshala.com//internship/details/work-from-home-business-analytics-internship-at-therightdoctors1727671222,,
Megaminds IT Services,Compter Networking Research Associate,Work from home," 6,000-8,000 /month",6 Months,https://internshala.com//internship/details/work-from-home-compter-networking-research-associate-internship-at-megaminds-it-services1727510497,,
Talent Corner HR Services,Data Analytics,Mumbai," 5,000 /month",6 Months,https://internshala.com//internship/detail/data-analytics-internship-in-mumbai-at-talent-corner-hr-services1727509456,,
The Affordable Organic Store,Data Analytics,"Hyderabad, Kompally"," 5,000 /month",3 Months,https://internshala.com//internship/detail/data-analytics-internship-in-multiple-locations-at-the-affordable-organic-store1727446385,,
Yasho,Quant Analyst For Stock Trading,Pune," 2,000 /month +  Incentives",3 Months,https://internshala.com//internship/details/quant-analyst-for-stock-trading-internship-in-pune-at-yasho1727419419,,
Cryptology Pro,Finance Research Analyst,Work from home," 14,000-18,000 /month",1 Month,https://internshala.com//internship/detail/work-from-home-finance-research-analyst-internship-at-cryptology-pro1727410142,,
DeepThought Edutech Ventures Private Limited,Data Analytics,Work from home," 10,000 /month",6 Months,https://internshala.com//internship/details/work-from-home-data-analytics-internship-at-deepthought-edutech-ventures-private-limited1727342423,,
YB One Strategic Solutions Pvt Ltd,Product Research,Work from home," 1,000 /month +  Incentives",3 Months,https://internshala.com//internship/detail/work-from-home-product-research-internship-at-yb-one-strategic-solutions-pvt-ltd1727332059,,
Kbtradingworld,Stock Market Analysis,Work from home," 5,000 /month +  Incentives",1 Month,https://internshala.com//internship/detail/work-from-home-stock-market-analysis-internship-at-kbtradingworld1727173051,,
Yasham Software Services Private Limited,Data Analytics,Work from home," 5,000 /month",3 Months,https://internshala.com//internship/detail/work-from-home-data-analytics-internship-at-yasham-software-services-private-limited1727160404,,
Futurlytic Private Limited,Data Analytics,Bangalore," 25,000 /month",6 Months,https://internshala.com//internship/details/data-analytics-internship-in-bangalore-at-futurlytic-private-limited1727101978,,
Ozibook Tech Solutions Private Limited,Business Analytics,Work from home," 1,000 /month",3 Months,https://internshala.com//internship/detail/work-from-home-part-time-business-analytics-internship-at-ozibook-tech-solutions-private-limited1727066357,,
Vayuz Technologies Private Limited,Business Analytics,Noida," 8,000 /month",6 Months,https://internshala.com//internship/details/business-analytics-internship-in-noida-at-vayuz-technologies-private-limited1727065286,,
Ozibook Tech Solutions Private Limited,Data Analytics,Work from home," 1,000 /month",3 Months,https://internshala.com//internship/detail/work-from-home-part-time-data-analytics-internship-at-ozibook-tech-solutions-private-limited1726997695,,
Right Pillar Advisors Private Limited,Financial Analyst,Ahmedabad," 5,000 /month",2 Months,https://internshala.com//internship/detail/financial-analyst-internship-in-ahmedabad-at-right-pillar-advisors-private-limited1726861224,,
ADM EDUCATION & WELFARE SOCIETY,Business Analytics,Work from home,Unpaid,3 Months,https://internshala.com//internship/detail/work-from-home-part-time-business-analytics-internship-at-adm-education-welfare-society1726847991,,
MentorBoxx,Business Analytics,"Ahmedabad, Chandigarh, Chennai, Delhi, Gurgaon, Indore, Kolkata, Pune, Bangalore, Hyderabad, Bhopal, Mumbai, Jaipur, Noida, Bhopalgarh"," 18,000 /month",1 Month,https://internshala.com//internship/detail/part-time-business-analytics-internship-in-multiple-locations-at-mentorboxx1726829831,,
Budding Mariners,Excel Sheet Specialist,Work from home," 2,000 /month",6 Months,https://internshala.com//internship/detail/work-from-home-part-time-excel-sheet-specialist-internship-at-budding-mariners1726752081,,
Kusum Sharma,Operations,Work from home," 10,000 /month +  Incentives",6 Months,https://internshala.com//internship/details/work-from-home-operations-internship-at-kusum-sharma1726719240,,
Heuser Private Limited,Data Analytics,Work from home," 10,000 /month",2 Months,https://internshala.com//internship/details/work-from-home-data-analytics-internship-at-heuser-private-limited1726649157,,
KISIK HOSPITALITY PRIVATE LIMITED,Data Analytics,Work from home," 15,000 /month",3 Months,https://internshala.com//internship/details/work-from-home-part-time-data-analytics-internship-at-kisik-hospitality-private-limited1726612270,,
Soul AI,Data Analytics,Work from home," 8,000 /week",1 Month,https://internshala.com//internship/detail/work-from-home-part-time-data-analytics-internship-at-soul-ai1726308227,,
GPC BIOCARE PRIVATE LIMITED,Data Analytics,"Jind, Safidon"," 7,000 /month",6 Months,https://internshala.com//internship/details/data-analytics-internship-in-multiple-locations-at-gpc-biocare-private-limited1726298440,,
Maa Sarala Agro Foods,Business Analytics,Bhubaneswar," 8,000 /month",6 Months,https://internshala.com//internship/details/business-analytics-internship-in-bhubaneswar-at-maa-sarala-agro-foods1726296410,,
Fabzen Technologies Private Limited,Data Analytics,Bangalore," 10,000 /month",6 Months,https://internshala.com//internship/details/data-analytics-internship-in-bangalore-at-fabzen-technologies-private-limited1726231136,,
DeepThought Edutech Ventures Private Limited,Sales Data Analyst,Work from home," 2,000 /month",6 Months,https://internshala.com//internship/detail/work-from-home-part-time-sales-data-analyst-internship-at-deepthought-edutech-ventures-private-limited1726201275,,
DeepThought Edutech Ventures Private Limited,Probiotics Data Analyst,Hyderabad," 15,000 /month",6 Months,https://internshala.com//internship/details/probiotics-data-analyst-internship-in-hyderabad-at-deepthought-edutech-ventures-private-limited1726198218,,
Nicko Crypto,Python Trading Data Analysis & AWS/Digital Ocean Deployment,Work from home," 4,000 /month",2 Months,https://internshala.com//internship/detail/work-from-home-part-time-python-trading-data-analysis-aws-digital-ocean-deployment-internship-at-nicko-crypto1726134353,,
VIZON,Data Analytics,Work from home," 16,000-26,000 /month",3 Months,https://internshala.com//internship/details/work-from-home-data-analytics-internship-at-vizon1726087096,,
Kbtradingworld,Stock Market Fundamentals,Work from home," 5,000 /month +  Incentives",1 Month,https://internshala.com//internship/detail/work-from-home-stock-market-fundamentals-internship-at-kbtradingworld1726030997,,
MARS Cosmetics,Data Analytics,Delhi," 16,000 /month",3 Months,https://internshala.com//internship/details/data-analytics-internship-in-delhi-at-mars-cosmetics1725972214,,
Crossroads Helpline,AI Specialist (Open CV),Work from home," 5,000 /month",3 Months,https://internshala.com//internship/detail/work-from-home-ai-specialist-open-cv-internship-at-crossroads-helpline1725963515,,
Smollan India Private Limited,Data Analytics,Work from home," 10,000 /month",4 Months,https://internshala.com//internship/details/work-from-home-data-analytics-internship-at-smollan-india-private-limited1725958633,,
DeepThought Edutech Ventures Private Limited,Business Analytics,Work from home," 2,000 /month",6 Months,https://internshala.com//internship/detail/work-from-home-part-time-business-analytics-internship-at-deepthought-edutech-ventures-private-limited1725760545,,
ICMG,Business Process And IT Architecture,Bangalore," 10,000 /month",6 Months,https://internshala.com//internship/details/business-process-and-it-architecture-internship-in-bangalore-at-icmg1725690216,,
CATKing Educare,Business Analytics,Mumbai," 10,000 /month",2 Months,https://internshala.com//internship/details/business-analytics-internship-in-mumbai-at-catking-educare1725620167,,
Amaze Consulting Services,Data Analytics,Delhi," 10,000-20,000 /month",6 Months,https://internshala.com//internship/details/data-analytics-internship-in-delhi-at-amaze-consulting-services1725526279,,
ElasticRun,Data Analytics,Bangalore," 20,000 /month",6 Months,https://internshala.com//internship/details/data-analytics-internship-in-bangalore-at-elasticrun1725517478,,
SuperTails,Data Analytics,Bangalore," 15,000 /month",6 Months,https://internshala.com//internship/details/data-analytics-internship-in-bangalore-at-supertails1725431050,,
Myla Organics,Data Analyst,Work from home," 3,000 /month",2 Months,https://internshala.com//internship/detail/work-from-home-part-time-data-analyst-internship-at-myla-organics1725347571,,
Hamsi Marketing Private Limited,Business Analytics,Work from home," 1,000 /month",3 Months,https://internshala.com//internship/details/work-from-home-business-analytics-internship-at-hamsi-marketing-private-limited1725004387,,
ADM EDUCATION & WELFARE SOCIETY,Business Analytics,Work from home,Unpaid,3 Months,https://internshala.com//internship/detail/work-from-home-part-time-business-analytics-internship-at-adm-education-welfare-society1724671292,,
